{
	"ТП 2363": {
		"polygon": [
			[
				[30.38605408346625, 60.04415632898076],
				[30.386190595557558, 60.044128640691184],
				[30.386163741148792, 60.04409551780325],
				[30.386027229171503, 60.04412320606516],
				[30.38605408346625, 60.04415632898076]
			]
		],
		"balance_list": [0, 4]
	},
	"ТП 2364": {
		"polygon": [
			[
				[30.384975946248733, 60.045640188594426],
				[30.385106695146707, 60.045613405354025],
				[30.385077894110424, 60.04557823461039],
				[30.384947145327946, 60.04560501782237],
				[30.384975946248733, 60.045640188594426]
			]
		],
		"balance_list": [5, 4]
	},
	"ТП 2365": {
		"polygon": [
			[
				[30.384311474829083, 60.047897078612664],
				[30.384380858709616, 60.047883786374264],
				[30.384329748926476, 60.047816109819486],
				[30.384260241338716, 60.04782923922221],
				[30.384311474829083, 60.047897078612664]
			]
		],
		"balance_list": [15, 4]
	},
	"ТП 2366": {
		"polygon": [
			[
				[30.388235962061685, 60.04657823024986],
				[30.38808484493708, 60.04660918900625],
				[30.38814249333948, 60.04667957580201],
				[30.388293610731235, 60.04664861697978],
				[30.388235962061685, 60.04657823024986]
			]
		],
		"balance_list": [12, 4]
	},
	"ТП 2367": {
		"polygon": [
			[
				[30.389646104953467, 60.04772441901924],
				[30.38969731964424, 60.047795536682514],
				[30.389768482337548, 60.047782491656314],
				[30.389717959142008, 60.04771150616847],
				[30.389646104953467, 60.04772441901924]
			]
		],
		"balance_list": [6, 4]
	},
	"ТП 2368": {
		"polygon": [
			[
				[30.386987830984502, 60.04972381352842],
				[30.387089283019872, 60.049746027702625],
				[30.3871257117742, 60.04970408548479],
				[30.38702442252657, 60.04968196959481],
				[30.386987830984502, 60.04972381352842]
			]
		],
		"balance_list": [4]
	},
	"ТП 2369": {
		"polygon": [
			[
				[30.385644848916908, 60.05062193497322],
				[30.38567289497873, 60.05065667882286],
				[30.385807371389173, 60.05062935969585],
				[30.385778784673466, 60.050594437937484],
				[30.385644848916908, 60.05062193497322]
			]
		],
		"balance_list": [2, 4]
	},
	"ТП 2370": {
		"polygon": [
			[
				[30.3788088730732, 60.04520867170405],
				[30.378839101134542, 60.04524471883732],
				[30.37897423522924, 60.04521637128309],
				[30.378944440891765, 60.04518084154139],
				[30.3788088730732, 60.04520867170405]
			]
		],
		"balance_list": [4]
	},
	"ТП 2371": {
		"polygon": [
			[
				[30.378565660944478, 60.04658391704196],
				[30.378637722740205, 60.04656791687528],
				[30.378579774091378, 60.046502634144375],
				[30.378507712409633, 60.04651863427945],
				[30.378565660944478, 60.04658391704196]
			]
		],
		"balance_list": [4, 21, 10]
	},
	"ТП 2373": {
		"polygon": [
			[
				[30.381039503960263, 60.04947166731174],
				[30.381104051843845, 60.04945726078665],
				[30.381044296030908, 60.04939030298487],
				[30.380979748251775, 60.049404709480804],
				[30.381039503960263, 60.04947166731174]
			]
		],
		"balance_list": [14, 1, 4]
	},
	"ТП 2374": {
		"polygon": [
			[
				[30.383088942255434, 60.05103486811123],
				[30.38315769849365, 60.05101953793327],
				[30.38309928493893, 60.0509540237243],
				[30.383030528809627, 60.05096935387189],
				[30.383088942255434, 60.05103486811123]
			]
		],
		"balance_list": [1, 4]
	},
	"ТП 9203": {
		"polygon": [
			[
				[30.383653576593037, 60.04367864128568],
				[30.383698920923838, 60.043735684846936],
				[30.383820495680723, 60.043712264627786],
				[30.383775708226956, 60.04365480058539],
				[30.383653576593037, 60.04367864128568]
			]
		],
		"balance_list": [4]
	},
	"ТП 9281": {
		"polygon": [
			[
				[30.380431257667762, 60.047601343221984],
				[30.38049158867038, 60.04758824473473],
				[30.380442213834847, 60.04753183999605],
				[30.380382873065578, 60.04754520488387],
				[30.380431257667762, 60.047601343221984]
			]
		],
		"balance_list": [4]
	}
  
}
